{
  "data": {
    "name": [
      "本日",
      "上日"
    ],
    "time": [
      "1:00",
      "2:00",
      "3:00",
      "4:00",
      "5:00",
      "6:00",
      "7:00",
      "8:00",
      "9:00",
      "10:00",
      "11:00",
      "12:00",
      "13:00",
      "14:00",
      "15:00",
      "16:00",
      "17:00",
      "18:00",
      "19:00",
      "20:00",
      "21:00",
      "22:00",
      "23:00",
      "24:00"
    ],
    "data_0": [
      0.000000,
      0.200000,
      0.200000,
      0.200000,
      0.200000,
      0.200000,
      9.260000,
      9.260000,
      14.090000,
      719.320000,
      719.320000,
      729.350000,
      729.350000,
      729.350000,
      1535.350000,
      1536.180000,
      1551.290000,
      1551.290000,
      1551.690000,
      1551.790000,
      1551.790000,
      1561.910000,
      1561.910000,
      1561.910000
    ],
    "data_1": [
      0.000000,
      1.400000,
      3.600000,
      3.600000,
      3.600000,
      3.600000,
      4.310000,
      9.620000,
      9.620000,
      810.630000,
      820.780000,
      821.900000,
      821.900000,
      823.900000,
      824.200000,
      824.200000,
      825.130000,
      825.230000,
      825.230000,
      838.520000,
      838.520000,
      839.420000,
      839.530000,
      840.830000
    ]
  },
  "code": 1,
  "Type": "day",
  "description": "成功返回消息",
  "Token": null,
  "dataType": 0,
  "sourceType": 0
}