{
  "data": {
    "name": [
      "最高",
      "平均",
      "最低"
    ],
    "time": [
      "1:00",
      "2:00",
      "3:00",
      "4:00",
      "5:00",
      "6:00",
      "7:00",
      "8:00",
      "9:00",
      "10:00",
      "11:00",
      "12:00",
      "13:00",
      "14:00",
      "15:00",
      "16:00",
      "17:00",
      "18:00",
      "19:00",
      "20:00",
      "21:00",
      "22:00",
      "23:00",
      "24:00"
    ],
    "data_0": [
      4.060000,
      4.060000,
      4.060000,
      4.060000,
      4.060000,
      4.060000,
      4.060000,
      4.060000,
      4.060000,
      4.060000,
      4.060000,
      4.060000,
      4.060000,
      4.060000,
      4.060000
    ],
    "data_1": [
      4.060000,
      4.060000,
      4.060000,
      4.060000,
      4.060000,
      4.060000,
      4.060000,
      4.060000,
      4.060000,
      4.060000,
      4.060000,
      4.060000,
      4.060000,
      4.060000,
      4.060000
    ],
    "data_2": [
      4.050000,
      4.050000,
      4.050000,
      4.050000,
      4.050000,
      4.050000,
      4.050000,
      4.050000,
      4.050000,
      4.050000,
      4.050000,
      4.050000,
      4.050000,
      4.050000,
      4.050000
    ]
  },
  "code": 1,
  "Type": "day",
  "description": "成功返回消息",
  "Token": null,
  "datatype": 0,
  "sourcetype": 1
}